{
  "waypoints": [
    [
      0,
      0.4,
      1.5556,
      2.2,
      1.5556,
      0,
      -1.5556,
      -2.2,
      -1.5556,
      0,
      1.5556,
      2.2,
      1.5556,
      0,
      -1.5556,
      -2.2,
      -1.5556,
      0
    ],
    [
      0,
      0.2,
      1.1,
      0,
      -1.1,
      0,
      1.1,
      0,
      -1.1,
      0,
      1.1,
      0,
      -1.1,
      0,
      1.1,
      0,
      -1.1,
      0
    ],
    [
      0,
      -1.8,
      -1.1533,
      -2.295,
      -2.0679,
      -1.1,
      -2.0679,
      -2.295,
      -1.1533,
      -1.8,
      -2.4467,
      -1.305,
      -1.5321,
      -2.5,
      -1.5321,
      -1.305,
      -2.4467,
      -1
    ]
  ],
  "waypoint_times": [
    0,
    1,
    2,
    3,
    4,
    5,
    6,
    7,
    8,
    9,
    10,
    11,
    12,
    13,
    14,
    14.6,
    15.299999999999999,
    16.799999999999997
  ],
  "piecewise_polynomial_coefficients": [
    [
      -0.67158041019143178,
      2.6703982491095406,
      -3.9745294112783491,
      2.3757115723602351,
      0,
      0,
      0,
      0
    ],
    [
      0.25850838237250967,
      -1.0279042110019507,
      1.2455765021426737,
      -0.276180673513237,
      0,
      0,
      0,
      0
    ],
    [
      7.3380162334860835,
      -29.178078163713195,
      41.642403838458868,
      -21.602341908231768,
      0,
      0,
      0,
      0
    ],
    [
      -0.067843398510572958,
      0.26976500483347232,
      -0.40590761923462337,
      0.28609691039607432,
      -0.33979719785180573,
      0.46176044400100763,
      0.95152585636643949,
      0.4
    ],
    [
      0.0261146497718825,
      -0.10383941218315725,
      0.45632586468687691,
      -0.89343966504536521,
      -0.15924850962733814,
      0.80879384514080488,
      0.76529322725630711,
      0.2
    ],
    [
      0.74129017481633253,
      -2.9475844662344519,
      5.9283047278900476,
      -7.696437680081611,
      3.2836756494108785,
      3.2371553827080985,
      -1.8997037885092296,
      -1.8
    ],
    [
      -0.0068535750128502727,
      0.027251799540272712,
      -0.031132279310262977,
      0.053009894690244412,
      -0.23370459981434902,
      -0.27836217574410116,
      1.1141909356510751,
      1.5556
    ],
    [
      0.0026381153494451134,
      -0.010489910828111564,
      -0.15357168490277978,
      0.696689942438441,
      -0.3325240245874147,
      -1.4755145646825731,
      0.17277212721300539,
      1.1
    ],
    [
      0.07488551480437286,
      -0.29776649911832392,
      -0.34030176348273022,
      2.316182268381644,
      -1.2255609981329354,
      -2.4540697930227826,
      0.784931270570717,
      -1.1533
    ],
    [
      -0.00069235168149883643,
      0.0027529908290483897,
      -0.017839857383298425,
      0.078826910269869627,
      -0.027826948800720515,
      -0.70788748231441567,
      0.028266739081020991,
      2.2
    ],
    [
      0.00026650376439567937,
      -0.0010596961653801108,
      -0.027224924197587166,
      -0.14102413908569303,
      0.80105471680681417,
      0.069387927074600009,
      -1.8014003881971317,
      0
    ],
    [
      0.0075649732279265075,
      -0.030080524911656473,
      0.34570050569061689,
      -1.3682484976786886,
      1.3018134763533409,
      1.4694215121583503,
      -1.4990714448398668,
      -2.295
    ],
    [
      -6.9941743427551724E-5,
      0.00027810861537644127,
      -0.00041926066242813624,
      0.007960666005640939,
      0.13990962617421426,
      -0.47004996380615288,
      -1.2332092345832149,
      1.5556
    ],
    [
      2.692234810635656E-5,
      -0.00010705104732315915,
      0.051758190086737925,
      -0.28420561429836894,
      -0.047157373065789668,
      1.3438591375764297,
      0.035825788400200391,
      -1.1
    ],
    [
      0.0007642174829387442,
      -0.0030387500896812084,
      0.058023404207896673,
      0.15993823554561265,
      -1.0510118927111711,
      0.3300325761637905,
      1.4731922094006189,
      -2.0679
    ],
    [
      -7.0655838000715356E-6,
      2.8094784462043107E-5,
      -0.0073095938336718907,
      0.007716376502716297,
      0.17067389485992229,
      -0.0040468432553874079,
      -1.7226548634742356,
      0
    ],
    [
      2.7196873113213861E-6,
      -1.081429169566102E-5,
      0.076450888774524078,
      -0.0261275508209182,
      -0.6675966681546277,
      0.013694837056651097,
      1.7035865877487404,
      0
    ],
    [
      7.7201597456665543E-5,
      -0.00030697596457305139,
      -0.11697351711887848,
      0.42981925198850929,
      0.13494770165917946,
      -1.3126723308207489,
      -0.10279133134094259,
      -1.1
    ],
    [
      -7.1391353263014637E-7,
      2.8385964368149071E-6,
      -0.0016756745861450388,
      -0.028644500455375581,
      0.12875806279021024,
      0.481450206511003,
      -1.2242902189426017,
      -1.5556
    ],
    [
      2.7447084610585042E-7,
      -1.0916453521595554E-6,
      -0.072762944319436265,
      0.35605487744581737,
      -0.0077190804708531253,
      -1.3814566855292161,
      0.0058846500481923719,
      1.1
    ],
    [
      7.7984833690815778E-6,
      -3.1009467788580591E-5,
      -0.059219078849361936,
      -0.15709258393649811,
      0.68105207504383025,
      0.49836770897698696,
      -1.1901849102505184,
      -2.0679
    ],
    [
      -7.3464387855328526E-8,
      2.9082580115273585E-7,
      0.0028803767458163089,
      -0.037003969102051094,
      -0.0025448999374043761,
      0.67912823305045167,
      0.00194004188174703,
      -2.2
    ],
    [
      2.5051666844682528E-8,
      -1.0218170680593809E-7,
      -0.065381051976180438,
      -0.0077671115178684384,
      0.68885875969068455,
      0.0040752837462931981,
      -1.7197858028128874,
      0
    ],
    [
      7.8324707287753264E-7,
      -3.1188038474185768E-6,
      0.20336729981050433,
      -0.45339447616831668,
      -0.53985629163389182,
      1.0064762681295876,
      0.92510953541890129,
      -2.295
    ],
    [
      -2.0787002878643148E-8,
      6.9789211758125049E-8,
      0.0027284998879204257,
      -0.02260013718051556,
      -0.12175376362451429,
      0.47827630571934965,
      1.2189490461955654,
      -1.5556
    ],
    [
      -2.3898608139567397E-8,
      6.9598879735144035E-8,
      0.063490089103186861,
      -0.334673029214605,
      0.0039786270316086586,
      1.3702373673087294,
      -0.0030330999292011353,
      -1.1
    ],
    [
      3.3987616107254253E-8,
      -1.7859057404778018E-7,
      -0.11224674867070411,
      0.56342129238945449,
      -0.31979616063161087,
      -1.29981679954622,
      0.52173856106203265,
      -1.1533
    ],
    [
      -1.345734430160762E-7,
      4.0760220523576493E-7,
      0.011243040108994014,
      -0.0089570595667566675,
      -0.18486864522834157,
      0.0046998009529069283,
      1.7334825907044433,
      0
    ],
    [
      -2.6406719223955181E-7,
      7.9818681130420664E-7,
      0.07986080440642479,
      -0.017221896261568517,
      -0.69981204326849289,
      0.0090365062603345644,
      1.728136094743671,
      0
    ],
    [
      -4.4338108854524349E-7,
      1.3330004075467486E-6,
      -0.11432686540115787,
      0.0021867420886712754,
      0.81141913997424553,
      -0.001146978930014269,
      -1.344832927351052,
      -1.8
    ],
    [
      -1.32512798246161E-6,
      4.00686339289702E-6,
      -0.012051538782270313,
      0.047261977728747566,
      -0.10826304043205726,
      -0.49121480305209181,
      1.2086647228022527,
      1.5556
    ],
    [
      -2.6168280891863149E-6,
      7.9124956281208977E-6,
      -0.0940859159280432,
      0.38208965769016662,
      0.029915137134120529,
      -1.3951165296590531,
      -0.022807644904707745,
      1.1
    ],
    [
      -4.4677907826396035E-6,
      1.3508535563335101E-5,
      0.20699629230962344,
      -0.5694349229531499,
      -0.32309140401279174,
      1.3029729235162555,
      0.52424807039530641,
