{
  "waypoints": [
    [
      0,
      0.4,
      1.5556,
      2.2,
      1.5556,
      0,
      -1.5556,
      -2.2,
      -1.5556,
      0,
      1.5556,
      2.2,
      1.5556,
      0,
      -1.5556,
      -2.2,
      -1.5556,
      0
    ],
    [
      0,
      0.2,
      1.1,
      0,
      -1.1,
      0,
      1.1,
      0,
      -1.1,
      0,
      1.1,
      0,
      -1.1,
      0,
      1.1,
      0,
      -1.1,
      0
    ],
    [
      0,
      -1.8,
      -1.1533,
      -2.295,
      -2.0679,
      -1.1,
      -2.0679,
      -2.295,
      -1.1533,
      -1.8,
      -2.4467,
      -1.305,
      -1.5321,
      -2.5,
      -1.5321,
      -1.305,
      -2.4467,
      -1
    ]
  ],
  "waypoint_times": [
    0,
    1,
    2,
    3,
    4,
    5,
    6,
    7,
    8,
    9,
    10,
    11,
    12,
    13,
    14,
    14.6,
    15.5,
    17.5
  ],
  "piecewise_polynomial_coefficients": [
    [
      -0.6715831343208144,
      2.6704090810371088,
      -3.9745440663968328,
      2.3757181196805339,
      0,
      0,
      0,
      0
    ],
    [
      0.25851146418615722,
      -1.0279164651858694,
      1.2455930815111413,
      -0.27618808051143329,
      0,
      0,
      0,
      0
    ],
    [
      7.3380243883900453,
      -29.178110589973507,
      41.642447709753405,
      -21.602361508169945,
      0,
      0,
      0,
      0
    ],
    [
      -0.067843673703501181,
      0.26976609908022875,
      -0.40591161667294284,
      0.28610231537930364,
      -0.33979626573248206,
      0.46175844893444462,
      0.95152469271494367,
      0.4
    ],
    [
      0.026114961098146046,
      -0.10384065010656669,
      0.45633038699728518,
      -0.893445779714698,
      -0.15924956413615912,
      0.80879610216411935,
      0.76529454369787975,
      0.2
    ],
    [
      0.74129099862895154,
      -2.9475877419521037,
      5.9283166945493,
      -7.6964538603413333,
      3.2836728590358431,
      3.2371613551028222,
      -1.8997003050234404,
      -1.8
    ],
    [
      -0.0068536028130169648,
      0.027251910081766795,
      -0.031127703534723637,
      0.053002599419472239,
      -0.23370976896261333,
      -0.27835828428665033,
      1.1141948500957779,
      1.5556
    ],
    [
      0.0026381467997542486,
      -0.010490035883655708,
      -0.15357686148843014,
      0.69669819559503732,
      -0.33251817671837314,
      -1.4755189670971873,
      0.17276769879286569,
      1.1
    ],
    [
      0.074885598026267416,
      -0.29776683003272247,
      -0.34031546144142821,
      2.3162041073711763,
      -1.2255455238655284,
      -2.4540814424185444,
      0.78491955236075861,
      -1.1533
    ],
    [
      -0.00069235448975181794,
      0.0027530019956142826,
      -0.017850631647643684,
      0.078843230007699591,
      -0.027814303452363274,
      -0.70789603785188293,
      0.028257095438325597,
      2.2
    ],
    [
      0.00026650694167240765,
      -0.0010597087989911277,
      -0.027212735247172659,
      -0.14104260164226134,
      0.80104041109561275,
      0.069397605973489554,
      -1.8013894783223434,
      0
    ],
    [
      0.007564981635188356,
      -0.030080558341162744,
      0.34573275933239206,
      -1.3682973521473465,
      1.3017756214700262,
      1.4694471238586426,
      -1.4990425758077066,
      -2.295
    ],
    [
      -6.9942026155264317E-5,
      0.000278109740447925,
      -0.0003943920957750709,
      0.0079231887827614488,
      0.13987993287298311,
      -0.47003029898976234,
      -1.2331865982845149,
      1.5556
    ],
    [
      2.6922670843342957E-5,
      -0.00010705232892687495,
      0.051730056230541221,
      -0.28416321623555685,
      -0.047123780966475411,
      1.3438368907252465,
      0.035800179904299491,
      -1.1
    ],
    [
      0.00076421833448008457,
      -0.0030387534734817915,
      0.057948958139289609,
      0.1600504266661299,
      -1.0509230033875234,
      0.32997370792970809,
      1.4731244457914014,
      -2.0679
    ],
    [
      -7.0656032883506139E-6,
      2.8094870687562128E-5,
      -0.0073673059974999873,
      0.0078032495976607585,
      0.1707429909400319,
      -0.0040924250743514488,
      -1.7227075387332378,
      0
    ],
    [
      2.7197368414973749E-6,
      -1.0814472404492562E-5,
      0.076516178765154944,
      -0.0262258305879619,
      -0.66767483670197758,
      0.013746403872007117,
      1.7036461793883344,
      0
    ],
    [
      7.7201705950021159E-5,
      -0.00030697637437366622,
      -0.11680075087976895,
      0.42955919021297412,
      0.1347408569069441,
      -1.3125358779214027,
      -0.10263364365034039,
      -1.1
    ],
    [
      -7.1382550752552977E-7,
      2.8383330678334374E-6,
      -0.0015416605697153,
      -0.028846187682367182,
      0.12859753065423338,
      0.481556030747904,
      -1.2241678376576157,
      -1.5556
    ],
    [
      2.74642759891353E-7,
      -1.0921683067483245E-6,
      -0.0729145538005625,
      0.3562830462856153,
      -0.00753747006085634,
      -1.3815764047224817,
      0.0057461998238378109,
      1.1
    ],
    [
      7.7987162142850149E-6,
      -3.1010180112833756E-5,
      -0.059620259148384792,
      -0.15648881743518536,
      0.68153264118213119,
      0.49805091548912322,
      -1.1905512686237614,
      -2.0679
    ],
    [
      -7.2564787717148925E-8,
      2.8810590802267103E-7,
      0.00256914520308797,
      -0.036535588762972949,
      -0.0021720430036759344,
      0.67888247557967552,
      0.0016557954427174086,
      -2.2
    ],
    [
      2.6720040517648582E-8,
      -1.0722682047637123E-7,
      -0.065028946322443909,
      -0.0082969949789245025,
      0.68843694620642026,
      0.00435330977633281,
      -1.7194642341745925,
      0
    ],
    [
      7.8546601235430667E-7,
      -3.1255141637078826E-6,
      0.20429901278084497,
      -0.4547966177844911,
      -0.54097246857794712,
      1.0072119632788925,
      0.92596045035087127,
      -2.295
    ],
    [
      -1.187977889330307E-8,
      4.2856359572860845E-8,
      0.0034513599220659967,
      -0.02368794021225604,
      -0.12261972367349012,
      0.47884706375031694,
      1.219609209236777,
      -1.5556
    ],
    [
      -7.3883516489471704E-9,
      1.9676556905855956E-8,
      0.062672401804532929,
      -0.33344243198867923,
      0.004958293731175227,
      1.369591668016036,
      -0.0037799438512820249,
      -1.1
    ],
    [
      5.59437075822537E-8,
      -2.449795077983199E-7,
      -0.11441053226304761,
      0.56667765234130629,
      -0.317203830880629,
      -1.301525409279896,
      0.51976230911807153,
      -1.1533
    ],
    [
      -4.6400839865153978E-8,
      1.409937979937578E-7,
      0.0095645433360921576,
      -0.00643081646728502,
      -0.182857443966832,
      0.0033742440470821895,
      1.7319493784579838,
      0
    ],
    [
      -1.0063424595323775E-7,
      3.0401285191565495E-7,
      0.0817605481721658,
      -0.020080206410597247,
      -0.70208728123926945,
      0.010536115315898811,
      1.7298706207832015,
      0
    ],
    [
      -2.2603904839741737E-7,
      6.7582101375869116E-7,
      -0.10930057926926968,
      -0.00537644212231727,
      0.80539851429361164,
      0.002821189620740152,
      -1.3402431323047446,
      -1.8
    ],
    [
      -4.5230908784082936E-7,
      1.3677118532635214E-6,
      -0.0081491508135293246,
      0.041393222226303254,
      -0.11293408062853624,
      -0.48813641280689013,
      1.2122255066198802,
      1.5556
    ],
    [
      -9.9900944588627084E-7,
      3.0206806639840714E-6,
      -0.098492364012982059,
      0.38872540516077075,
      0.035199932898324279,
      -1.3985990382703004,
      -0.026835957447011241,
      1.1
    ],
    [
      -2.316326776967447E-6,
      7.0031315907079285E-6,
      0.19532935505873097,
      -0.55187287523412043,
      -0.3091074418345523,
      1.2937576775703565,
      0.5135885976347806,
      -2.4467
    ],
    [
