{
  "waypoints": [
    [
      0,
      0.4,
      1.5556,
      2.2,
      1.5556,
      0,
      -1.5556,
      -2.2,
      -1.5556,
      0,
      1.5556,
      2.2,
      1.5556,
      0,
      -1.5556,
      -2.2,
      -1.5556,
      0
    ],
    [
      0,
      0.2,
      1.1,
      0,
      -1.1,
      0,
      1.1,
      0,
      -1.1,
      0,
      1.1,
      0,
      -1.1,
      0,
      1.1,
      0,
      -1.1,
      0
    ],
    [
      0,
      -1.8,
      -1.1533,
      -2.295,
      -2.0679,
      -1.1,
      -2.0679,
      -2.295,
      -1.1533,
      -1.8,
      -2.4467,
      -1.305,
      -1.5321,
      -2.5,
      -1.5321,
      -1.305,
      -2.4467,
      -1
    ]
  ],
  "waypoint_times": [
    0,
    1.1,
    2.2,
    3.3000000000000003,
    4.4,
    5.5,
    6.6000000000000005,
    7.7000000000000011,
    8.8,
    9.9,
    11,
    12.100000000000001,
    13.200000000000001,
    14.3,
    15.400000000000002,
    16.060000000000002,
    17.05,
    19.25
  ],
  "piecewise_polynomial_coefficients": [
    [
      -0.34462833745230775,
      1.507376308853557,
      -2.4678791602964734,
      1.6226474419083625,
      0,
      0,
      0,
      0
    ],
    [
      0.1326572564967253,
      -0.58023204684915508,
      0.77341530414030235,
      -0.18864017519098605,
      0,
      0,
      0,
      0
    ],
    [
      3.7655667866845759,
      -16.470282756288125,
      25.85668372738305,
      -14.754703577747017,
      0,
      0,
      0,
      0
    ],
    [
      -0.03481453194511059,
      0.15227593019218838,
      -0.25203917813468191,
      0.19541173105362536,
      -0.25529396374610547,
      0.38161855283946189,
      0.86502244792283045,
      0.4
    ],
    [
      0.013401104293116929,
      -0.058615339856801077,
      0.28334526763047341,
      -0.61023548917032144,
      -0.11964655457717926,
      0.66842653071456748,
      0.69572231245227345,
      0.2
    ],
    [
      0.38039949393073608,
      -1.6638364369316043,
      3.6810182455756659,
      -5.2567815452667137,
      2.4670720203291894,
      2.6753399628943075,
      -1.7270002772949913,
      -1.8
    ],
    [
      -0.0035169819316683013,
      0.015382992824975213,
      -0.019327854929196687,
      0.036201488624137065,
      -0.17558960855295797,
      -0.2300481688314919,
      1.0129044091783239,
      1.5556
    ],
    [
      0.0013537864532683142,
      -0.0059213517955757364,
      -0.095359148024419568,
      0.47585424193298076,
      -0.24982582774165843,
      -1.2194371628930343,
      0.15706154435685932,
      1.1
    ],
    [
      0.038428152568896035,
      -0.16808161279701711,
      -0.211309126568595,
      1.5819985707055515,
      -0.92077049125879484,
      -2.0281664813391216,
      0.713563229419692,
      -1.1533
    ],
    [
      -0.00035528732011043613,
      0.00155399783782634,
      -0.011083837812307798,
      0.053850986969426216,
      -0.020897297864783067,
      -0.58503804781326307,
      0.02568826857982159,
      2.2
    ],
    [
      0.000136760209609119,
      -0.00059817802857654227,
      -0.01689696750975191,
      -0.096333994750013766,
      0.60183351698778409,
      0.057353393367256124,
      -1.637626798472819,
      0
    ],
    [
      0.0038820317420010944,
      -0.016979690998024186,
      0.21467284238120937,
      -0.93456550248771908,
      0.97804329187314565,
      1.2144191106278119,
      -1.3627659780074479,
      -2.295
    ],
    [
      -3.5891313224069E-5,
      0.00015698567802500412,
      -0.00024488643092050239,
      0.0054116445237406144,
      0.10509386392628503,
      -0.38845479255584187,
      -1.1210787257123727,
      1.5556
    ],
    [
      1.3815595395723134E-5,
      -6.0428286617352815E-5,
      0.0321202950203698,
      -0.19408730025705317,
      -0.035404794099659943,
      1.1106090006014033,
      0.032545618091750418,
      -1.1
    ],
    [
      0.00039216484810947465,
      -0.0017152971348591973,
      0.035981743781733549,
      0.1093165949385234,
      -0.78957400705583036,
      0.27270554374670003,
      1.3392040416294435,
      -2.0679
    ],
    [
      -3.6257589595647761E-6,
      1.585877202988497E-5,
      -0.0045745173110752343,
      0.0053297244166533959,
      0.12828173625659695,
      -0.003382169480254982,
      -1.5660977624852097,
      0
    ],
    [
      1.3956529226399162E-6,
      -6.104476479252756E-6,
      0.047510526933184485,
      -0.01791259515152344,
      -0.50163398701134376,
      0.011360664356206618,
      1.5487692539917952,
      0
    ],
    [
      3.961668981008907E-5,
      -0.00017328019133111455,
      -0.072524076721439928,
      0.29339470675113533,
      0.10123280009683934,
      -1.0847403949760592,
      -0.093303312412190045,
      -1.1
    ],
    [
      -3.6630088974845566E-7,
      1.6021429759101899E-6,
      -0.000957249877525077,
      -0.019702334364307076,
      0.096617228158003776,
      0.39798019070059087,
      -1.1128798524183365,
      -1.5556
    ],
    [
      1.4094528186215737E-7,
      -6.1653720229986915E-7,
      -0.045274201167541821,
      0.24334611450167007,
      -0.0056630128094091372,
      -1.1417986815876551,
      0.0052238180196446885,
      1.1
    ],
    [
      4.0019735000044969E-6,
      -1.7504438655795441E-5,
      -0.037019490181130335,
      -0.10688396793764837,
      0.51204556062367446,
      0.41161232684987925,
      -1.0823193351114981,
      -2.0679
    ],
    [
      -3.7241650808693474E-8,
      1.6264027264723769E-7,
      0.0015952370314734955,
      -0.024954298726586912,
      -0.0016318880570947284,
      0.56105989717375093,
      0.0015052685855160655,
      -2.2
    ],
    [
      1.3705083714123566E-8,
      -6.050653581242393E-8,
      -0.040377859406308191,
      -0.0056669592087566318,
      0.51723286717984884,
      0.0035977766711508892,
      -1.5631493037952762,
      0
    ],
    [
      4.0307581818249913E-7,
      -1.7642983839346252E-6,
      0.12685361335055884,
      -0.3106322094198502,
      -0.40644062252201663,
      0.83240658122507727,
      0.8417822275912118,
      -2.295
    ],
    [
      -6.09870672487651E-9,
      2.4197387541763434E-8,
      0.0021430229683480186,
      -0.016179181898870822,
      -0.092126013281476821,
      0.39574137500465356,
      1.1087356447608272,
      -1.5556
    ],
    [
      -3.7938083387941644E-9,
      1.1114004639279443E-8,
      0.038914630641405032,
      -0.22774566763205606,
      0.00372523945761449,
      1.1318939405126351,
      -0.0034363125896651261,
      -1.1
    ],
    [
      2.8709940087163374E-8,
      -1.3829111756272341E-7,
      -0.071039939056807042,
      0.38704846139634941,
      -0.23831993303483204,
      -1.0756408341183525,
      0.47251119010558051,
      -1.1533
    ],
    [
      -2.3805212845422683E-8,
      7.956572658993048E-8,
      0.0059388289336416043,
      -0.0043923341962776741,
      -0.13738350410415526,
      0.0027886314469756706,
      1.5744994349606705,
      0
    ],
    [
      -5.1637411560567705E-8,
      1.7159280019459895E-7,
      0.050766867765960413,
      -0.013715051179767042,
      -0.52748856591582149,
      0.00870753332189851,
      1.5726096552550888,
      0
    ],
    [
      -1.1599553281643842E-7,
      3.8149015535774462E-7,
      -0.067867060300948884,
      -0.0036721823039966212,
      0.60510782441010125,
      0.0023315616683713654,
      -1.2184028475478714,
      -1.8
    ],
    [
      -2.3210051421022498E-7,
      7.7201655815029457E-7,
      -0.0050599814747786546,
      0.0282721277196973,
      -0.084849046293626787,
      -0.40341852298154596,
      1.1020231878353102,
      1.5556
    ],
    [
      -5.126459608504065E-7,
      1.7050851523009115E-6,
      -0.061156008966624167,
      0.26550468216527556,
      0.026446230579988239,
      -1.1558669737791289,
      -0.024396324951786823,
      1.1
    ],
    [
      -1.1886392053488839E-6,
      3.953073492554352E-6,
